Episode,TotalReward,Epsilon
0,-15.0633,0.995
1,-31.1842,0.990025
2,-27.9782,0.985075
3,24.3321,0.98015
4,-17.0849,0.975249
5,2.10811,0.970373
6,-0.217405,0.965521
7,-4.56853,0.960693
8,-12.2067,0.95589
9,44.0321,0.95111
10,-59.332,0.946355
11,11.4408,0.941623
12,20.7074,0.936915
13,-19.6674,0.93223
14,-9.35893,0.927569
15,-6.15102,0.922931
16,-9.15875,0.918316
17,27.6357,0.913725
18,28.5521,0.909156
19,-16.6396,0.90461
20,1.69864,0.900087
21,1.49895,0.895587
22,-30.6688,0.891109
23,-32.7005,0.886654
24,-10.7585,0.88222
25,-44.6845,0.877809
26,27.8582,0.87342
27,-15.0485,0.869053
28,-42.827,0.864708
29,6.87752,0.860384
30,12.557,0.856082
31,44.9156,0.851802
32,-33.758,0.847543
33,15.4698,0.843305
34,12.2298,0.839089
35,55.6629,0.834893
36,-10.5758,0.830719
37,4.17234,0.826565
38,-11.7594,0.822432
39,17.2648,0.81832
40,21.5161,0.814229
41,16.2006,0.810157
42,-59.3539,0.806107
43,-65.1303,0.802076
44,-36.3561,0.798066
45,-5.92919,0.794075
46,-14.5458,0.790105
47,9.2788,0.786154
48,-21.8123,0.782224
49,-76.0498,0.778313
50,-6.88774,0.774421
51,20.9325,0.770549
52,15.7669,0.766696
53,-29.2804,0.762863
54,8.14233,0.759048
55,19.2136,0.755253
56,16.2132,0.751477
57,-12.6088,0.747719
58,28.6854,0.743981
59,-15.728,0.740261
60,-20.6956,0.73656
61,9.11529,0.732877
62,11.6608,0.729212
63,-0.628538,0.725566
64,15.9827,0.721939
65,-7.7965,0.718329
66,2.43341,0.714737
67,3.97594,0.711164
68,16.9688,0.707608
69,8.74594,0.70407
70,14.5144,0.700549
71,-15.1101,0.697047
72,-6.80964,0.693561
73,7.93277,0.690094
74,-45.372,0.686643
75,18.6984,0.68321
76,19.1324,0.679794
77,-11.3564,0.676395
78,-20.4179,0.673013
79,-31.6812,0.669648
80,20.5989,0.6663
81,23.848,0.662968
82,-4.03013,0.659653
83,17.2524,0.656355
84,-17.7193,0.653073
85,39.3676,0.649808
86,15.3655,0.646559
87,8.2948,0.643326
88,11.805,0.640109
89,0.779819,0.636909
90,-15.1599,0.633724
91,-8.96973,0.630556
92,28.5164,0.627403
93,28.3639,0.624266
94,-6.10398,0.621145
95,32.4312,0.618039
96,53.8816,0.614949
97,23.3752,0.611874
98,39.6261,0.608815
99,41.1327,0.60577
100,58.8597,0.602742
101,44.8595,0.599728
102,59.9663,0.596729
103,95.4854,0.593746
104,50.1115,0.590777
105,34.6994,0.587823
106,82.0431,0.584884
107,103.858,0.581959
108,127.097,0.57905
109,67.7596,0.576154
110,99.76,0.573274
111,89.0158,0.570407
112,59.4625,0.567555
113,102.594,0.564717
114,83.5724,0.561894
115,99.5904,0.559084
116,118.819,0.556289
117,124.852,0.553508
118,62.3227,0.55074
119,138.143,0.547986
120,70.2493,0.545246
121,112.914,0.54252
122,124.783,0.539808
123,129.346,0.537108
124,99.2695,0.534423
125,69.6457,0.531751
126,159.929,0.529092
127,112.58,0.526447
128,112.645,0.523814
129,105.877,0.521195
130,148.369,0.518589
131,91.9599,0.515996
132,146.42,0.513416
133,133.235,0.510849
134,148.506,0.508295
135,113.586,0.505754
136,189.626,0.503225
137,159.234,0.500709
138,155.882,0.498205
139,193.639,0.495714
140,169.075,0.493236
141,147.604,0.490769
142,174.608,0.488316
143,149.578,0.485874
144,152.997,0.483445
145,164.089,0.481027
146,204.231,0.478622
147,146.416,0.476229
148,154.785,0.473848
149,151.137,0.471479
150,176.461,0.469121
151,203.374,0.466776
152,183.492,0.464442
153,183.197,0.46212
154,164.432,0.459809
155,189.477,0.45751
156,160.372,0.455222
157,161.865,0.452946
158,151.135,0.450682
159,152.891,0.448428
160,218.459,0.446186
161,158.897,0.443955
162,157.212,0.441735
163,186.703,0.439527
164,167.44,0.437329
165,188.508,0.435142
166,156.084,0.432967
167,185.633,0.430802
168,203.573,0.428648
169,177.391,0.426505
170,205.089,0.424372
171,208.547,0.42225
172,199.637,0.420139
173,138.94,0.418038
174,205.419,0.415948
175,185.982,0.413868
176,183.474,0.411799
177,196.028,0.40974
178,189.206,0.407691
179,166.978,0.405653
180,214.612,0.403625
181,182.717,0.401606
182,196.336,0.399598
183,188.366,0.3976
184,183.978,0.395612
185,147.547,0.393634
186,218.788,0.391666
187,176.952,0.389708
188,186.782,0.387759
189,208.476,0.385821
190,198.477,0.383891
191,233.98,0.381972
192,199.282,0.380062
193,204.922,0.378162
194,221.64,0.376271
195,230.038,0.37439
196,176.68,0.372518
197,191.323,0.370655
198,172,0.368802
199,180.885,0.366958
200,241.513,0.365123
201,227.117,0.363297
202,191.217,0.361481
203,220.202,0.359674
204,213.368,0.357875
205,148.411,0.356086
206,223.412,0.354305
207,190.635,0.352534
208,225.02,0.350771
209,234.132,0.349017
210,150.134,0.347272
211,195.447,0.345536
212,204.608,0.343808
213,212.459,0.342089
214,215.359,0.340379
215,259.308,0.338677
216,193.393,0.336983
217,253.105,0.335298
218,198.917,0.333622
219,230.257,0.331954
220,221.121,0.330294
221,247.853,0.328643
222,237.908,0.326999
223,212.599,0.325364
224,233.854,0.323738
225,206.674,0.322119
226,220.785,0.320508
227,229.129,0.318906
228,204.994,0.317311
229,222.736,0.315725
230,232.285,0.314146
231,238.968,0.312575
232,206.328,0.311012
233,230.393,0.309457
234,214.778,0.30791
235,218.326,0.306371
236,253.771,0.304839
237,241.141,0.303315
238,246.906,0.301798
239,244,0.300289
240,254.722,0.298788
241,215.94,0.297294
242,265.786,0.295807
243,241.276,0.294328
244,255.463,0.292856
245,260.176,0.291392
246,236.036,0.289935
247,230.508,0.288486
248,246.991,0.287043
249,223.746,0.285608
250,241.818,0.28418
251,232.728,0.282759
252,230.928,0.281345
253,234.914,0.279938
254,212.779,0.278539
255,254.303,0.277146
256,252.643,0.27576
257,237.4,0.274382
258,227.097,0.27301
259,270.32,0.271645
260,239.824,0.270286
261,257.601,0.268935
262,242.979,0.26759
263,252.934,0.266252
264,262.343,0.264921
265,270.42,0.263596
266,239.466,0.262278
267,225.816,0.260967
268,212.7,0.259662
269,255.479,0.258364
270,290.76,0.257072
271,232.541,0.255787
272,259.312,0.254508
273,244.656,0.253235
274,243.265,0.251969
275,201.855,0.250709
276,226.855,0.249456
277,236.138,0.248208
278,260.889,0.246967
279,250.935,0.245733
280,245.426,0.244504
281,266.402,0.243281
282,263.144,0.242065
283,268.375,0.240855
284,186.612,0.23965
285,227.337,0.238452
286,240.696,0.23726
287,227.616,0.236074
288,270.063,0.234893
289,242.734,0.233719
290,242.744,0.23255
291,247.784,0.231387
292,227.461,0.23023
293,251.161,0.229079
294,262.786,0.227934
295,261.958,0.226794
296,219.119,0.22566
297,244.054,0.224532
298,263.172,0.223409
299,238.735,0.222292
300,250.253,0.221181
301,258.401,0.220075
302,249.187,0.218974
303,228.589,0.21788
304,246.228,0.21679
305,276.114,0.215706
306,238.249,0.214628
307,248.224,0.213555
308,279.815,0.212487
309,256.493,0.211424
310,263.229,0.210367
311,260.521,0.209315
312,222.83,0.208269
313,263.089,0.207227
314,263.585,0.206191
315,261.125,0.20516
316,262.178,0.204135
317,268.803,0.203114
318,259.364,0.202098
319,275.467,0.201088
320,264.301,0.200082
321,250.96,0.199082
322,253.537,0.198087
323,286.863,0.197096
324,263.721,0.196111
325,293.804,0.19513
326,288.082,0.194154
327,267.427,0.193184
328,302.822,0.192218
329,278.907,0.191257
330,270.246,0.1903
331,258.891,0.189349
332,252.816,0.188402
333,283.559,0.18746
334,284.417,0.186523
335,290.126,0.18559
336,284.035,0.184662
337,278.617,0.183739
338,275.46,0.18282
339,297.384,0.181906
340,277.46,0.180997
341,253.629,0.180092
342,289.682,0.179191
343,273.982,0.178295
344,255.581,0.177404
345,274.858,0.176517
346,271.732,0.175634
347,295.299,0.174756
348,256.196,0.173882
349,304.389,0.173013
350,303.703,0.172148
351,251.674,0.171287
352,255.543,0.170431
353,280.06,0.169578
354,263.03,0.168731
355,297.394,0.167887
356,292.384,0.167047
357,273.794,0.166212
358,282.2,0.165381
359,265.834,0.164554
360,288.652,0.163731
361,268.507,0.162913
362,268.216,0.162098
363,288.609,0.161288
364,275.215,0.160481
365,275.144,0.159679
366,291.164,0.158881
367,283.453,0.158086
368,295.943,0.157296
369,261.481,0.156509
370,303.21,0.155727
371,298.42,0.154948
372,294.318,0.154173
373,291.016,0.153402
374,260.916,0.152635
375,249.104,0.151872
376,309.502,0.151113
377,264.667,0.150357
378,272.305,0.149606
379,299.018,0.148857
380,283.232,0.148113
381,289.363,0.147373
382,299.131,0.146636
383,266.603,0.145903
384,288.146,0.145173
385,278.291,0.144447
386,299.436,0.143725
387,256.585,0.143006
388,276.319,0.142291
389,303.015,0.14158
390,282.353,0.140872
391,291.144,0.140168
392,301.086,0.139467
393,268.717,0.138769
394,293.292,0.138076
395,303.866,0.137385
396,291.256,0.136698
397,291.022,0.136015
398,289.735,0.135335
399,277.48,0.134658
400,285.11,0.133985
401,292.307,0.133315
402,289.153,0.132648
403,300.686,0.131985
404,295.802,0.131325
405,277.937,0.130668
406,299.252,0.130015
407,250.622,0.129365
408,310.183,0.128718
409,298.79,0.128075
410,306.07,0.127434
411,286.477,0.126797
412,306.908,0.126163
413,267.327,0.125532
414,289.854,0.124905
415,271.368,0.12428
416,307.701,0.123659
417,282.208,0.12304
418,291.971,0.122425
419,289.037,0.121813
420,308.033,0.121204
421,309.877,0.120598
422,308.219,0.119995
423,260.41,0.119395
424,272.511,0.118798
425,298.043,0.118204
426,300.036,0.117613
427,280.217,0.117025
428,275.845,0.11644
429,283.417,0.115858
430,293.379,0.115278
431,273.138,0.114702
432,271.369,0.114128
433,287.156,0.113558
434,273.557,0.11299
435,294.055,0.112425
436,318.086,0.111863
437,298.25,0.111304
438,303.504,0.110747
439,300.681,0.110193
440,312.956,0.109642
441,300.863,0.109094
442,299.307,0.108549
443,291.071,0.108006
444,290.037,0.107466
445,286.612,0.106929
446,313.849,0.106394
447,272.282,0.105862
448,279.803,0.105333
449,304.063,0.104806
450,292.49,0.104282
451,305.232,0.103761
452,292.719,0.103242
453,304.603,0.102726
454,264.356,0.102212
455,303.867,0.101701
456,298.723,0.101192
457,304.928,0.100686
458,302.473,0.100183
459,291.378,0.0996821
460,292.447,0.0991837
461,304.285,0.0986878
462,305.325,0.0981943
463,319.53,0.0977034
464,288.765,0.0972148
465,287.622,0.0967288
466,308.098,0.0962451
467,284.352,0.0957639
468,308.145,0.0952851
469,315.093,0.0948086
470,313.11,0.0943346
471,305.777,0.0938629
472,301.748,0.0933936
473,290.014,0.0929266
474,276.264,0.092462
475,309.041,0.0919997
476,301.355,0.0915397
477,317.003,0.091082
478,321.17,0.0906266
479,286.462,0.0901735
480,315.025,0.0897226
481,307.304,0.089274
482,292.926,0.0888276
483,297.93,0.0883835
484,310.51,0.0879416
485,297.536,0.0875019
486,321.091,0.0870643
487,316.693,0.086629
488,290.543,0.0861959
489,299.681,0.0857649
490,308.295,0.0853361
491,287.931,0.0849094
492,297.45,0.0844848
493,316.882,0.0840624
494,307.369,0.0836421
495,311.978,0.0832239
496,305.245,0.0828078
497,320.243,0.0823937
498,306.935,0.0819818
499,294.442,0.0815719
500,313.77,0.081164
501,314.053,0.0807582
502,289.883,0.0803544
503,321.069,0.0799526
504,316.951,0.0795529
505,306.838,0.0791551
506,303.025,0.0787593
507,309.878,0.0783655
508,313.02,0.0779737
509,314.707,0.0775838
510,289.493,0.0771959
511,300.992,0.0768099
512,307.489,0.0764259
513,299.163,0.0760437
514,312.742,0.0756635
515,326.425,0.0752852
516,306.132,0.0749088
517,317.298,0.0745342
518,305.335,0.0741616
519,312.842,0.0737908
520,288.676,0.0734218
521,305.571,0.0730547
522,303.39,0.0726894
523,300.953,0.072326
524,308.673,0.0719643
525,310.969,0.0716045
526,313.682,0.0712465
527,322.465,0.0708903
528,331.394,0.0705358
529,320.039,0.0701831
530,322.559,0.0698322
531,321.232,0.0694831
532,309.588,0.0691356
533,322.685,0.06879
534,306.429,0.068446
535,298.849,0.0681038
536,312.871,0.0677633
537,302.11,0.0674245
538,296.828,0.0670873
539,328.503,0.0667519
540,314.176,0.0664181
541,294.779,0.066086
542,324.289,0.0657556
543,302.475,0.0654268
544,322.951,0.0650997
545,324.618,0.0647742
546,315.667,0.0644503
547,311.488,0.0641281
548,278.854,0.0638074
549,317.023,0.0634884
550,316.497,0.063171
551,329.45,0.0628551
552,313.106,0.0625408
553,310.061,0.0622281
554,323.642,0.061917
555,309.928,0.0616074
556,329.551,0.0612994
557,294.457,0.0609929
558,301.527,0.0606879
559,303.872,0.0603845
560,310.426,0.0600825
561,320.716,0.0597821
562,327.002,0.0594832
563,311.267,0.0591858
564,319.686,0.0588899
565,332.196,0.0585954
566,319.063,0.0583024
567,318.438,0.0580109
568,330.555,0.0577209
569,314.834,0.0574323
570,312.96,0.0571451
571,305.471,0.0568594
572,318.452,0.0565751
573,320.592,0.0562922
574,313.128,0.0560108
575,313.926,0.0557307
576,314.19,0.055452
577,330.04,0.0551748
578,319.598,0.0548989
579,315.261,0.0546244
580,312.392,0.0543513
581,309.722,0.0540795
582,322.735,0.0538091
583,317.145,0.0535401
584,329.347,0.0532724
585,305.38,0.053006
586,323.119,0.052741
587,308.161,0.0524773
588,320.892,0.0522149
589,322.938,0.0519538
590,310.318,0.0516941
591,300.76,0.0514356
592,329.519,0.0511784
593,331.732,0.0509225
594,305.241,0.0506679
595,310.411,0.0504146
596,319.638,0.0501625
597,309.005,0.05
598,324.793,0.05
599,313.52,0.05
600,316.34,0.05
601,312.496,0.05
602,320.583,0.05
603,304.618,0.05
604,314.175,0.05
605,311.634,0.05
606,308.312,0.05
607,326.35,0.05
608,328.343,0.05
609,326.219,0.05
610,320.48,0.05
611,328.399,0.05
612,322.198,0.05
613,332.633,0.05
614,318.752,0.05
615,327.094,0.05
616,296.456,0.05
617,316.207,0.05
618,311.159,0.05
619,322.55,0.05
620,305.278,0.05
621,325.953,0.05
622,317.192,0.05
623,306.745,0.05
624,318.386,0.05
625,316.309,0.05
626,330.084,0.05
627,321.908,0.05
628,322.109,0.05
629,308.255,0.05
630,330.935,0.05
631,322.407,0.05
632,323.76,0.05
633,299.635,0.05
634,331.094,0.05
635,300.838,0.05
636,322.855,0.05
637,308.499,0.05
638,321.66,0.05
639,313.269,0.05
640,322.662,0.05
641,326.579,0.05
642,300.668,0.05
643,332.728,0.05
644,326.707,0.05
645,324.933,0.05
646,323.821,0.05
647,324.235,0.05
648,327.251,0.05
649,313.191,0.05
650,328.127,0.05
651,309.878,0.05
652,319.396,0.05
653,320.958,0.05
654,323.525,0.05
655,310.964,0.05
656,333.384,0.05
657,316.895,0.05
658,323.995,0.05
659,331.193,0.05
660,320.046,0.05
661,318.362,0.05
662,328,0.05
663,312.135,0.05
664,316.627,0.05
665,313.636,0.05
666,306.471,0.05
667,312.213,0.05
668,315.438,0.05
669,325.188,0.05
670,320.563,0.05
671,309.695,0.05
672,320.958,0.05
673,321.163,0.05
674,324.784,0.05
675,312.934,0.05
676,322.881,0.05
677,334.592,0.05
678,328.044,0.05
679,307.708,0.05
680,323.893,0.05
681,287.223,0.05
682,295.711,0.05
683,318.763,0.05
684,320.328,0.05
685,300.101,0.05
686,322.727,0.05
687,322.122,0.05
688,333.746,0.05
689,310.101,0.05
690,326.689,0.05
691,316.932,0.05
692,321.115,0.05
693,322.443,0.05
694,324.014,0.05
695,321.721,0.05
696,334.139,0.05
697,326.671,0.05
698,311.303,0.05
699,324.019,0.05
700,331.197,0.05
701,319.204,0.05
702,308.093,0.05
703,318.751,0.05
704,322.009,0.05
705,329.936,0.05
706,317.429,0.05
707,317.656,0.05
708,310.727,0.05
709,328.875,0.05
710,305.452,0.05
711,312.644,0.05
712,312.94,0.05
713,305.546,0.05
714,319.382,0.05
715,322.057,0.05
716,314.863,0.05
717,318.228,0.05
718,316.742,0.05
719,311.84,0.05
720,333.772,0.05
721,308.291,0.05
722,313.055,0.05
723,288.974,0.05
724,310.625,0.05
725,307.369,0.05
726,309.016,0.05
727,315.056,0.05
728,322.007,0.05
729,320.475,0.05
730,329.54,0.05
731,326.196,0.05
732,333.139,0.05
733,312.503,0.05
734,328.487,0.05
735,316.324,0.05
736,320.757,0.05
737,324.103,0.05
738,303.237,0.05
739,320.275,0.05
740,330.682,0.05
741,321.172,0.05
742,318.109,0.05
743,320.745,0.05
744,324.411,0.05
745,327.083,0.05
746,312.32,0.05
747,315.462,0.05
748,300.941,0.05
749,320.484,0.05
750,327.745,0.05
751,301.764,0.05
752,317.336,0.05
753,308.797,0.05
754,321.176,0.05
755,324.695,0.05
756,304.727,0.05
757,330.996,0.05
758,321.494,0.05
759,312.297,0.05
760,322.912,0.05
761,324.746,0.05
762,311.036,0.05
763,321.17,0.05
764,318.897,0.05
765,318.206,0.05
766,312.648,0.05
767,302.911,0.05
768,321.1,0.05
769,307.157,0.05
770,321.056,0.05
771,328.935,0.05
772,311.674,0.05
773,328.172,0.05
774,317.376,0.05
775,315.291,0.05
776,332.074,0.05
777,316.79,0.05
778,297.015,0.05
779,312.115,0.05
780,312.666,0.05
781,318.911,0.05
782,322.706,0.05
783,327.747,0.05
784,308.047,0.05
785,328.505,0.05
786,302.826,0.05
787,321.544,0.05
788,302.6,0.05
789,316.138,0.05
790,318.412,0.05
791,329.566,0.05
792,322.684,0.05
793,322.763,0.05
794,297.713,0.05
795,306.351,0.05
796,323.793,0.05
797,331.559,0.05
798,311.409,0.05
799,307.835,0.05
800,321.484,0.05
801,324.609,0.05
802,311.247,0.05
803,317.73,0.05
804,320.829,0.05
805,313.39,0.05
806,297.107,0.05
807,296.387,0.05
808,331.449,0.05
809,297.95,0.05
810,291.267,0.05
811,327.524,0.05
812,324.159,0.05
813,320.885,0.05
814,315.899,0.05
815,327.624,0.05
816,322.011,0.05
817,323.502,0.05
818,329.627,0.05
819,316.075,0.05
820,319.544,0.05
821,331.161,0.05
822,323.372,0.05
823,322.671,0.05
824,318.86,0.05
825,329.403,0.05
826,324.929,0.05
827,320.617,0.05
828,317.042,0.05
829,302.658,0.05
830,321.566,0.05
831,321.415,0.05
832,304.873,0.05
833,307.363,0.05
834,330.333,0.05
835,323.28,0.05
836,310.48,0.05
837,307.606,0.05
838,308.415,0.05
839,319.968,0.05
840,312.191,0.05
841,329.862,0.05
842,300.645,0.05
843,327.068,0.05
844,300.899,0.05
845,325.531,0.05
846,333.229,0.05
847,317.44,0.05
848,316.966,0.05
849,315.151,0.05
850,299.778,0.05
851,325.545,0.05
852,331.43,0.05
853,306.78,0.05
854,330.048,0.05
855,315.207,0.05
856,331.193,0.05
857,304.147,0.05
858,330.72,0.05
859,327.002,0.05
860,330.889,0.05
861,321.228,0.05
862,316.322,0.05
863,317.166,0.05
864,322.306,0.05
865,311.304,0.05
866,314.004,0.05
867,320.991,0.05
868,321.238,0.05
869,292.378,0.05
870,324.324,0.05
871,313.805,0.05
872,302.905,0.05
873,314.642,0.05
874,325.97,0.05
875,306.291,0.05
876,323.02,0.05
877,320.576,0.05
878,319.686,0.05
879,303.645,0.05
880,321.661,0.05
881,327.177,0.05
882,316.411,0.05
883,321.128,0.05
884,318.646,0.05
885,302.376,0.05
886,323.905,0.05
887,317.201,0.05
888,311.774,0.05
889,302.745,0.05
890,314.051,0.05
891,317.922,0.05
892,323.485,0.05
893,310.457,0.05
894,311.709,0.05
895,312.565,0.05
896,322.214,0.05
897,304.456,0.05
898,311.017,0.05
899,302.76,0.05
900,312.007,0.05
901,329.047,0.05
902,327.484,0.05
903,312.302,0.05
904,317.344,0.05
905,309.525,0.05
906,318.149,0.05
907,329.334,0.05
908,317.818,0.05
909,328.365,0.05
910,320.498,0.05
911,323.055,0.05
912,321.361,0.05
913,319.748,0.05
914,332.588,0.05
915,330.437,0.05
916,329.568,0.05
917,324.296,0.05
918,333.482,0.05
919,314.181,0.05
920,321.02,0.05
921,325.046,0.05
922,321.309,0.05
923,325.637,0.05
924,318.66,0.05
925,324.647,0.05
926,308.091,0.05
927,323.081,0.05
928,314.402,0.05
929,307.926,0.05
930,323.998,0.05
931,312.267,0.05
932,317.095,0.05
933,328.896,0.05
934,314.933,0.05
935,302.797,0.05
936,323.404,0.05
937,320.433,0.05
938,320.217,0.05
939,322.943,0.05
940,328.109,0.05
941,319.636,0.05
942,329.552,0.05
943,316.236,0.05
944,314.095,0.05
945,318.25,0.05
946,308.796,0.05
947,311.083,0.05
948,324.383,0.05
949,320.288,0.05
950,320.964,0.05
951,328.24,0.05
952,296.954,0.05
953,325.942,0.05
954,331.695,0.05
955,332.592,0.05
956,333.319,0.05
957,307.565,0.05
958,313.088,0.05
959,317.719,0.05
960,318.072,0.05
961,332.623,0.05
962,318.348,0.05
963,313.13,0.05
964,319.514,0.05
965,321.238,0.05
966,314.536,0.05
967,314.078,0.05
968,324.029,0.05
969,324.245,0.05
970,318.646,0.05
971,323.342,0.05
972,330.283,0.05
973,320.025,0.05
974,311.764,0.05
975,304.77,0.05
976,321.603,0.05
977,310.232,0.05
978,313.255,0.05
979,320.555,0.05
980,315.749,0.05
981,323.81,0.05
982,327.879,0.05
983,317.169,0.05
984,326.873,0.05
985,309.046,0.05
986,329.601,0.05
987,319.126,0.05
988,321.715,0.05
989,331.613,0.05
990,316.217,0.05
991,315.307,0.05
992,319.285,0.05
993,298.402,0.05
994,321.149,0.05
995,328.031,0.05
996,312.939,0.05
997,322.452,0.05
998,326.113,0.05
999,306.393,0.05
1000,312.733,0.05
1001,303.2,0.05
1002,315.535,0.05
1003,331.123,0.05
1004,322.562,0.05
1005,326.834,0.05
1006,315.112,0.05
1007,327.955,0.05
1008,313.471,0.05
1009,310.467,0.05
1010,325.296,0.05
1011,319.53,0.05
1012,317.952,0.05
1013,326.6,0.05
1014,309.852,0.05
1015,323.478,0.05
1016,322.45,0.05
1017,324.576,0.05
1018,329.227,0.05
1019,332.771,0.05
1020,316.046,0.05
1021,320.511,0.05
1022,327.712,0.05
1023,327.581,0.05
1024,333.971,0.05
1025,321.425,0.05
1026,317.56,0.05
1027,326.682,0.05
1028,320.674,0.05
1029,318.71,0.05
1030,316.163,0.05
1031,326.06,0.05
1032,327.836,0.05
1033,324.983,0.05
1034,328.205,0.05
1035,327.214,0.05
1036,313.275,0.05
1037,307.56,0.05
1038,328.661,0.05
1039,315.002,0.05
1040,320.731,0.05
1041,314.774,0.05
1042,328.576,0.05
1043,319.921,0.05
1044,295.556,0.05
1045,326.71,0.05
1046,283.642,0.05
1047,305.45,0.05
1048,307.119,0.05
1049,327.943,0.05
1050,318.225,0.05
1051,331.116,0.05
1052,302.284,0.05
1053,327.968,0.05
1054,316.523,0.05
1055,320.767,0.05
1056,324.736,0.05
1057,322.861,0.05
1058,311.076,0.05
1059,318.744,0.05
1060,315.072,0.05
1061,304.349,0.05
1062,322.945,0.05
1063,308.843,0.05
1064,328.837,0.05
1065,314.754,0.05
1066,310.816,0.05
1067,316.301,0.05
1068,332.875,0.05
1069,309.478,0.05
1070,327.655,0.05
1071,323.835,0.05
1072,321.875,0.05
1073,299.8,0.05
1074,320.47,0.05
1075,287.628,0.05
1076,328.079,0.05
1077,315.844,0.05
1078,312.139,0.05
1079,328.644,0.05
1080,317.102,0.05
1081,315.196,0.05
1082,305.376,0.05
1083,328.412,0.05
1084,316.134,0.05
1085,315.588,0.05
1086,312.607,0.05
1087,315.304,0.05
1088,317.923,0.05
1089,318.083,0.05
1090,319.461,0.05
1091,321.635,0.05
1092,309.044,0.05
1093,327.502,0.05
1094,308.854,0.05
1095,326.246,0.05
1096,326.625,0.05
1097,318.96,0.05
1098,322.206,0.05
1099,327,0.05
1100,319.461,0.05
1101,320.365,0.05
1102,311.224,0.05
1103,329.931,0.05
1104,323.194,0.05
1105,310.509,0.05
1106,325.547,0.05
1107,330.211,0.05
1108,308.472,0.05
1109,329.798,0.05
1110,324.484,0.05
1111,316.252,0.05
1112,317.961,0.05
1113,321.002,0.05
1114,312.05,0.05
1115,315.063,0.05
1116,314.824,0.05
1117,314.136,0.05
1118,320.664,0.05
1119,329.909,0.05
1120,328.413,0.05
1121,308.664,0.05
1122,333.889,0.05
1123,327.869,0.05
1124,323.438,0.05
1125,321.263,0.05
1126,319.241,0.05
1127,321.39,0.05
1128,308.37,0.05
1129,307.638,0.05
1130,327.639,0.05
1131,317.725,0.05
1132,310.966,0.05
1133,319.124,0.05
1134,321.279,0.05
1135,321.855,0.05
1136,310.644,0.05
1137,322.029,0.05
1138,301.579,0.05
1139,319.323,0.05
1140,310.265,0.05
1141,319.068,0.05
1142,305.551,0.05
1143,297.802,0.05
1144,323.07,0.05
1145,332.679,0.05
1146,313.731,0.05
1147,302.787,0.05
1148,313.242,0.05
1149,319.636,0.05
1150,324.312,0.05
1151,312.429,0.05
1152,320.861,0.05
1153,317.65,0.05
1154,327.282,0.05
1155,308.729,0.05
1156,308.182,0.05
1157,309.85,0.05
1158,305.36,0.05
1159,324.869,0.05
1160,311.449,0.05
1161,307.959,0.05
1162,328.827,0.05
1163,319.862,0.05
1164,285.899,0.05
1165,315.788,0.05
1166,314.713,0.05
1167,331.55,0.05
1168,317.173,0.05
1169,332.005,0.05
1170,315.321,0.05
1171,316.788,0.05
1172,319.383,0.05
1173,328.186,0.05
1174,319.624,0.05
1175,289.52,0.05
1176,319.103,0.05
1177,317.533,0.05
1178,324.18,0.05
1179,329.928,0.05
1180,294.019,0.05
1181,308.504,0.05
1182,302.816,0.05
1183,314.548,0.05
1184,325.722,0.05
1185,307.263,0.05
1186,316.331,0.05
1187,328.606,0.05
1188,325.335,0.05
1189,300.54,0.05
1190,316.681,0.05
1191,313.605,0.05
1192,308.62,0.05
1193,295.462,0.05
1194,320.394,0.05
1195,323.698,0.05
1196,302.817,0.05
1197,317.836,0.05
1198,330.481,0.05
1199,319.612,0.05
1200,325.561,0.05
1201,313.466,0.05
1202,310.552,0.05
1203,322.951,0.05
1204,303.162,0.05
1205,317.516,0.05
1206,326.447,0.05
1207,322.294,0.05
1208,322.667,0.05
1209,304.087,0.05
1210,325.82,0.05
1211,328.785,0.05
1212,324.307,0.05
1213,306.878,0.05
1214,294.557,0.05
1215,316.874,0.05
1216,326.08,0.05
1217,323.928,0.05
1218,328.449,0.05
1219,311.156,0.05
1220,314.603,0.05
1221,327.002,0.05
1222,319.146,0.05
1223,318.124,0.05
1224,327.324,0.05
1225,306.134,0.05
1226,325.143,0.05
1227,298.756,0.05
1228,312.174,0.05
1229,323.671,0.05
1230,334.32,0.05
1231,320.597,0.05
1232,313.907,0.05
1233,312.472,0.05
1234,301.676,0.05
1235,323.62,0.05
1236,316.208,0.05
1237,304.03,0.05
1238,308.849,0.05
1239,327.258,0.05
1240,315.391,0.05
1241,315.479,0.05
1242,325.448,0.05
1243,327.288,0.05
1244,322.035,0.05
1245,312.693,0.05
1246,311.397,0.05
1247,328.651,0.05
1248,314.526,0.05
1249,311.358,0.05
1250,303.507,0.05
1251,317.936,0.05
1252,318.806,0.05
1253,327.714,0.05
1254,330.952,0.05
1255,320.042,0.05
1256,329.541,0.05
1257,305.878,0.05
1258,297.097,0.05
1259,306.162,0.05
1260,316.501,0.05
1261,304.368,0.05
1262,314.116,0.05
1263,318.368,0.05
1264,313.99,0.05
1265,332.899,0.05
1266,314.903,0.05
1267,311.272,0.05
1268,319.747,0.05
1269,306.219,0.05
1270,301.449,0.05
1271,291.16,0.05
1272,323.416,0.05
1273,323.86,0.05
1274,302.878,0.05
1275,323.691,0.05
1276,332,0.05
1277,310.481,0.05
1278,306.555,0.05
1279,332.401,0.05
1280,325.321,0.05
1281,310.247,0.05
1282,307.629,0.05
1283,318.099,0.05
1284,323.652,0.05
1285,331.306,0.05
1286,331.023,0.05
1287,331.597,0.05
1288,306.738,0.05
1289,311.009,0.05
1290,320.516,0.05
1291,321.031,0.05
1292,326.187,0.05
1293,328.709,0.05
1294,300.973,0.05
1295,322.948,0.05
1296,315.723,0.05
1297,311.39,0.05
1298,328.312,0.05
1299,326.745,0.05
1300,321.673,0.05
1301,329.972,0.05
1302,314.702,0.05
1303,319.018,0.05
1304,311.709,0.05
1305,310.589,0.05
1306,316.258,0.05
1307,321.929,0.05
1308,316.991,0.05
1309,309.261,0.05
1310,299.852,0.05
1311,321.138,0.05
1312,314.598,0.05
1313,326.333,0.05
1314,329.134,0.05
1315,323.567,0.05
1316,316.448,0.05
1317,328.791,0.05
1318,319.965,0.05
1319,304.921,0.05
1320,321.449,0.05
1321,327.314,0.05
1322,319.245,0.05
1323,329.418,0.05
1324,312.114,0.05
1325,318.499,0.05
1326,315.525,0.05
1327,295.678,0.05
1328,304.24,0.05
1329,329.926,0.05
1330,305.939,0.05
1331,301.878,0.05
1332,310.232,0.05
1333,313.98,0.05
1334,325.547,0.05
1335,308.896,0.05
1336,328.986,0.05
1337,330.455,0.05
1338,325.884,0.05
1339,316.95,0.05
1340,317.864,0.05
1341,307.22,0.05
1342,305.973,0.05
1343,309.554,0.05
1344,327.05,0.05
1345,321.559,0.05
1346,314.196,0.05
1347,313.048,0.05
1348,331.799,0.05
1349,285.525,0.05
1350,327.573,0.05
1351,320.927,0.05
1352,303.871,0.05
1353,325.557,0.05
1354,320.283,0.05
1355,304.447,0.05
1356,325.887,0.05
1357,316.916,0.05
1358,308.072,0.05
1359,304.227,0.05
1360,317.722,0.05
1361,325.899,0.05
1362,327.398,0.05
1363,329.995,0.05
1364,317.393,0.05
1365,305.991,0.05
1366,326.957,0.05
1367,331.208,0.05
1368,303.711,0.05
1369,312.368,0.05
1370,296.329,0.05
1371,330.575,0.05
1372,322.054,0.05
1373,295.805,0.05
1374,315.866,0.05
1375,304.634,0.05
1376,308.687,0.05
1377,291.333,0.05
1378,303.25,0.05
1379,307.205,0.05
1380,314.55,0.05
1381,333.3,0.05
1382,320.174,0.05
1383,315.5,0.05
1384,301.142,0.05
1385,319.28,0.05
1386,319.808,0.05
1387,331.427,0.05
1388,314.039,0.05
1389,330.16,0.05
1390,306.735,0.05
1391,320.957,0.05
1392,330.216,0.05
1393,326.972,0.05
1394,329.683,0.05
1395,334.836,0.05
1396,334.067,0.05
1397,308.93,0.05
1398,320.528,0.05
1399,324.664,0.05
1400,311.662,0.05
1401,321.682,0.05
1402,326.364,0.05
1403,308.366,0.05
1404,320.733,0.05
1405,321.91,0.05
1406,332.592,0.05
1407,329.693,0.05
1408,309.869,0.05
1409,311.612,0.05
1410,330.44,0.05
1411,311.098,0.05
1412,324.858,0.05
1413,307.076,0.05
1414,325.232,0.05
1415,318.324,0.05
1416,322.791,0.05
1417,296.248,0.05
1418,310.277,0.05
1419,329.374,0.05
1420,321.988,0.05
1421,299.33,0.05
1422,314.08,0.05
1423,330.209,0.05
1424,330.985,0.05
1425,297.3,0.05
1426,328.19,0.05
1427,322.928,0.05
1428,315.342,0.05
1429,326.762,0.05
1430,320.424,0.05
1431,326.516,0.05
1432,329.33,0.05
1433,311.351,0.05
1434,324.613,0.05
1435,318.498,0.05
1436,315.873,0.05
1437,310.793,0.05
1438,302.869,0.05
1439,329.042,0.05
1440,311.85,0.05
1441,315.015,0.05
1442,321.382,0.05
1443,305.293,0.05
1444,327.56,0.05
1445,326.693,0.05
1446,320.976,0.05
1447,314.769,0.05
1448,326.252,0.05
1449,316.689,0.05
1450,302.833,0.05
1451,316.386,0.05
1452,315.603,0.05
1453,325.266,0.05
1454,317.55,0.05
1455,316.828,0.05
1456,311.404,0.05
1457,315.144,0.05
1458,316.017,0.05
1459,316.525,0.05
1460,316.764,0.05
1461,306.915,0.05
1462,329.345,0.05
1463,329.678,0.05
1464,328.765,0.05
1465,300.891,0.05
1466,309.52,0.05
1467,310.618,0.05
1468,323.146,0.05
1469,312.642,0.05
1470,325.74,0.05
1471,331.76,0.05
1472,317.464,0.05
1473,329.677,0.05
1474,316.816,0.05
1475,285.834,0.05
1476,328.374,0.05
1477,320.376,0.05
1478,322.356,0.05
1479,334.728,0.05
1480,322.212,0.05
1481,327.808,0.05
1482,313.886,0.05
1483,322.783,0.05
1484,321.475,0.05
1485,324.305,0.05
1486,306.573,0.05
1487,309.029,0.05
1488,328.448,0.05
1489,295.567,0.05
1490,324.95,0.05
1491,322.415,0.05
1492,304.67,0.05
1493,312.229,0.05
1494,329.678,0.05
1495,327.137,0.05
1496,326.462,0.05
1497,314.809,0.05
1498,318.03,0.05
1499,320.855,0.05
1500,318.833,0.05
1501,324.321,0.05
1502,328.749,0.05
1503,326.996,0.05
1504,325.276,0.05
1505,325.849,0.05
1506,331.128,0.05
1507,317.214,0.05
1508,324.963,0.05
1509,314.595,0.05
1510,302.169,0.05
1511,323.98,0.05
1512,318.512,0.05
1513,332.476,0.05
1514,318.566,0.05
1515,320.639,0.05
1516,311.945,0.05
1517,327.197,0.05
1518,322.81,0.05
1519,311.458,0.05
1520,322.774,0.05
1521,326.175,0.05
1522,321.204,0.05
1523,319.402,0.05
1524,326.99,0.05
1525,317.984,0.05
1526,320.53,0.05
1527,287.25,0.05
1528,315.828,0.05
1529,322.049,0.05
1530,315.16,0.05
1531,318.48,0.05
1532,318.932,0.05
1533,307.395,0.05
1534,312.758,0.05
1535,316.481,0.05
1536,324.089,0.05
1537,325.042,0.05
1538,327.723,0.05
1539,311.081,0.05
1540,315.184,0.05
1541,315.864,0.05
1542,326.944,0.05
1543,330.714,0.05
1544,320.758,0.05
1545,315.089,0.05
1546,318.885,0.05
1547,315.489,0.05
1548,322.754,0.05
1549,296.337,0.05
1550,313.979,0.05
1551,302.341,0.05
1552,311.817,0.05
1553,315.57,0.05
1554,309.548,0.05
1555,305.256,0.05
1556,329.717,0.05
1557,295.134,0.05
1558,299.592,0.05
1559,332.083,0.05
1560,323.484,0.05
1561,313.251,0.05
1562,320.193,0.05
1563,323.169,0.05
1564,319.029,0.05
1565,325.991,0.05
1566,310.144,0.05
1567,325.595,0.05
1568,327.538,0.05
1569,313.72,0.05
1570,328.322,0.05
1571,303.244,0.05
1572,328.539,0.05
1573,294.724,0.05
1574,321.548,0.05
1575,304.755,0.05
1576,314.183,0.05
1577,300.015,0.05
1578,315.816,0.05
1579,321.109,0.05
1580,327.237,0.05
1581,312.561,0.05
1582,310.138,0.05
1583,309.83,0.05
1584,290.745,0.05
1585,325.907,0.05
1586,302.871,0.05
1587,319.462,0.05
1588,321.063,0.05
1589,324.946,0.05
1590,312.972,0.05
1591,308.38,0.05
1592,314.991,0.05
1593,322.463,0.05
1594,320.602,0.05
1595,325.963,0.05
1596,318.074,0.05
1597,332.07,0.05
1598,329.121,0.05
1599,320.93,0.05
1600,322.061,0.05
1601,322.995,0.05
1602,311.138,0.05
1603,317.604,0.05
1604,327.173,0.05
1605,324.544,0.05
1606,327.405,0.05
1607,318.078,0.05
1608,327.344,0.05
1609,328.585,0.05
1610,325.053,0.05
1611,325.163,0.05
1612,312.814,0.05
1613,306.829,0.05
1614,323.382,0.05
1615,331.222,0.05
1616,300.693,0.05
1617,310.837,0.05
1618,310.041,0.05
1619,318.293,0.05
1620,326.718,0.05
1621,324.958,0.05
1622,320.277,0.05
1623,310.63,0.05
1624,316.391,0.05
1625,308.323,0.05
1626,320.733,0.05
1627,321.426,0.05
1628,321.981,0.05
1629,306.959,0.05
1630,310.297,0.05
1631,308.663,0.05
1632,322.612,0.05
1633,314.231,0.05
1634,329.052,0.05
1635,316.418,0.05
1636,327.298,0.05
1637,307.532,0.05
1638,315.79,0.05
1639,327.203,0.05
1640,321.769,0.05
1641,328.072,0.05
1642,318.685,0.05
1643,310.75,0.05
1644,334.569,0.05
1645,323.959,0.05
1646,321.497,0.05
1647,322.371,0.05
1648,303.323,0.05
1649,321.969,0.05
1650,298.279,0.05
1651,314.428,0.05
1652,321.142,0.05
1653,315.166,0.05
1654,317.546,0.05
1655,325.52,0.05
1656,324.476,0.05
1657,308.904,0.05
1658,322.848,0.05
1659,295.639,0.05
1660,321.516,0.05
1661,336.646,0.05
1662,320.239,0.05
1663,327.405,0.05
1664,310.099,0.05
1665,333.621,0.05
1666,319.058,0.05
1667,314.579,0.05
1668,285.25,0.05
1669,313.774,0.05
1670,315.568,0.05
1671,305.84,0.05
1672,317.667,0.05
1673,319.061,0.05
1674,301.882,0.05
1675,330.224,0.05
1676,314.689,0.05
1677,314.3,0.05
1678,328.776,0.05
1679,327.872,0.05
1680,321.081,0.05
1681,314.645,0.05
1682,317.484,0.05
1683,327.896,0.05
1684,316.08,0.05
1685,288.936,0.05
1686,322.162,0.05
1687,306.689,0.05
1688,305.788,0.05
1689,318.968,0.05
1690,313.735,0.05
1691,321.469,0.05
1692,331.34,0.05
1693,327.523,0.05
1694,320.542,0.05
1695,331.293,0.05
1696,326.421,0.05
1697,325.509,0.05
1698,302.665,0.05
1699,306.692,0.05
1700,309.732,0.05
1701,323.055,0.05
1702,300.552,0.05
1703,319.868,0.05
1704,324.743,0.05
1705,327.983,0.05
1706,329.419,0.05
1707,306.274,0.05
1708,323.106,0.05
1709,323.901,0.05
1710,326.462,0.05
1711,307.519,0.05
1712,326.569,0.05
1713,309.547,0.05
1714,301.25,0.05
1715,314.833,0.05
1716,327.674,0.05
1717,318.966,0.05
1718,334.063,0.05
1719,322.113,0.05
1720,328.991,0.05
1721,318.03,0.05
1722,301.767,0.05
1723,321.202,0.05
1724,310.908,0.05
1725,293.66,0.05
1726,311.31,0.05
1727,310.031,0.05
1728,311.597,0.05
1729,323.985,0.05
1730,327.312,0.05
1731,322.457,0.05
1732,326.272,0.05
1733,324.683,0.05
1734,296.624,0.05
1735,312.675,0.05
1736,320.966,0.05
1737,332.129,0.05
1738,318.35,0.05
1739,320.146,0.05
1740,318.477,0.05
1741,333.411,0.05
1742,319.392,0.05
1743,310.563,0.05
1744,320.67,0.05
1745,328.253,0.05
1746,320.318,0.05
1747,316.138,0.05
1748,320.238,0.05
1749,312.015,0.05
1750,306.432,0.05
1751,314.868,0.05
1752,312.252,0.05
1753,312.992,0.05
1754,312.772,0.05
1755,316.068,0.05
1756,322.031,0.05
1757,326.618,0.05
1758,299.251,0.05
1759,333.751,0.05
1760,322.505,0.05
1761,323.667,0.05
1762,325.385,0.05
1763,312.733,0.05
1764,316.867,0.05
1765,316.8,0.05
1766,325.985,0.05
1767,308.597,0.05
1768,317.48,0.05
1769,309.105,0.05
1770,323.493,0.05
1771,319.514,0.05
1772,318.054,0.05
1773,330.47,0.05
1774,316.688,0.05
1775,275.379,0.05
1776,332.93,0.05
1777,316.448,0.05
1778,323.986,0.05
1779,324.434,0.05
1780,316.822,0.05
1781,327.298,0.05
1782,313.951,0.05
1783,323.938,0.05
1784,327.805,0.05
1785,319.836,0.05
1786,323.772,0.05
1787,328.081,0.05
1788,324.388,0.05
1789,322.228,0.05
1790,321.877,0.05
1791,308.342,0.05
1792,302.805,0.05
1793,322.594,0.05
1794,310.194,0.05
1795,323.168,0.05
1796,329.632,0.05
1797,314.443,0.05
1798,316.378,0.05
1799,309.136,0.05
1800,313.27,0.05
1801,333.749,0.05
1802,325.671,0.05
1803,327.18,0.05
1804,333.211,0.05
1805,318.066,0.05
1806,320.785,0.05
1807,325.628,0.05
1808,303.073,0.05
1809,326.885,0.05
1810,326.405,0.05
1811,324.669,0.05
1812,307.801,0.05
1813,323.21,0.05
1814,319.959,0.05
1815,314.226,0.05
1816,319.733,0.05
1817,303.415,0.05
1818,313.659,0.05
1819,321.176,0.05
1820,317.173,0.05
1821,325.663,0.05
1822,322.836,0.05
1823,323.782,0.05
1824,323.91,0.05
1825,321.944,0.05
1826,311.632,0.05
1827,328.192,0.05
1828,330.474,0.05
1829,309.986,0.05
1830,320.003,0.05
1831,315.335,0.05
1832,320.474,0.05
1833,323.151,0.05
1834,289.258,0.05
1835,330.073,0.05
1836,315.134,0.05
1837,314.081,0.05
1838,324.464,0.05
1839,315.442,0.05
1840,318.851,0.05
1841,323.976,0.05
1842,319.349,0.05
1843,333.741,0.05
1844,310.62,0.05
1845,327.477,0.05
1846,319.843,0.05
1847,320.171,0.05
1848,328.465,0.05
1849,326.186,0.05
1850,313.808,0.05
1851,321.645,0.05
1852,315.955,0.05
1853,322.978,0.05
1854,324.199,0.05
1855,335.13,0.05
1856,323.566,0.05
1857,302.217,0.05
1858,328.886,0.05
1859,313.319,0.05
1860,326.132,0.05
1861,323.179,0.05
1862,316.35,0.05
1863,298.575,0.05
1864,307.602,0.05
1865,320.437,0.05
1866,312.841,0.05
1867,319.538,0.05
1868,310.484,0.05
1869,324.347,0.05
1870,320.116,0.05
1871,329.711,0.05
1872,320.006,0.05
1873,315.206,0.05
1874,320.372,0.05
1875,322.594,0.05
1876,316.461,0.05
1877,319.662,0.05
1878,322.232,0.05
1879,317.501,0.05
1880,313.59,0.05
1881,324.305,0.05
1882,314.271,0.05
1883,312.596,0.05
1884,302.261,0.05
1885,322.248,0.05
1886,320.969,0.05
1887,324.916,0.05
1888,316.881,0.05
1889,309.513,0.05
1890,319.047,0.05
1891,308.501,0.05
1892,325.812,0.05
1893,313.703,0.05
1894,326.521,0.05
1895,296.15,0.05
1896,321.19,0.05
1897,314.44,0.05
1898,324.406,0.05
1899,330.466,0.05
1900,314.279,0.05
1901,331.155,0.05
1902,330.188,0.05
1903,326.775,0.05
1904,316.032,0.05
1905,323.016,0.05
1906,324.623,0.05
1907,320.458,0.05
1908,322.499,0.05
1909,320.339,0.05
1910,321.531,0.05
1911,318.173,0.05
1912,324.111,0.05
1913,313.398,0.05
1914,331.387,0.05
1915,311.155,0.05
1916,315.7,0.05
1917,332.125,0.05
1918,321.341,0.05
1919,319.023,0.05
1920,306.042,0.05
1921,302.725,0.05
1922,319.397,0.05
1923,307.125,0.05
1924,325.932,0.05
1925,297.576,0.05
1926,328.579,0.05
1927,320.297,0.05
1928,316.495,0.05
1929,328.622,0.05
1930,322.03,0.05
1931,321.891,0.05
1932,318.652,0.05
1933,312.915,0.05
1934,315.431,0.05
1935,318.751,0.05
1936,322.463,0.05
1937,321.366,0.05
1938,321.153,0.05
1939,295.147,0.05
1940,304.58,0.05
1941,329.122,0.05
1942,313.627,0.05
1943,320.635,0.05
1944,308.647,0.05
1945,328.944,0.05
1946,319.916,0.05
1947,325.806,0.05
1948,324.32,0.05
1949,323.119,0.05
1950,324.556,0.05
1951,323.808,0.05
1952,321.107,0.05
1953,316.07,0.05
1954,321.811,0.05
1955,301.362,0.05
1956,331.267,0.05
1957,301.09,0.05
1958,310.995,0.05
1959,331.547,0.05
1960,328.738,0.05
1961,325.21,0.05
1962,326.433,0.05
1963,320.237,0.05
1964,321.993,0.05
1965,329.376,0.05
1966,327.587,0.05
1967,326.218,0.05
1968,310.811,0.05
1969,324.265,0.05
1970,314.047,0.05
1971,313.928,0.05
1972,324.443,0.05
1973,332.268,0.05
1974,320.322,0.05
1975,314.913,0.05
1976,319.532,0.05
1977,316.405,0.05
1978,319.899,0.05
1979,307.42,0.05
1980,323.946,0.05
1981,317.414,0.05
1982,308.309,0.05
1983,324.465,0.05
1984,310.632,0.05
1985,315.946,0.05
1986,329.373,0.05
1987,320.629,0.05
1988,309.39,0.05
1989,314.323,0.05
1990,296.124,0.05
1991,328.235,0.05
1992,311.173,0.05
1993,320.081,0.05
1994,316.822,0.05
1995,329.108,0.05
1996,317.029,0.05
1997,327.12,0.05
1998,322.412,0.05
1999,309.481,0.05
